<annotation>
	<folder>my-project-name</folder>
	<filename>20.jpg</filename>
	<path>/my-project-name/20.jpg</path>
	<source>
		<database>Unspecified</database>
	</source>
	<size>
		<width>500</width>
		<height>333</height>
		<depth>3</depth>
	</size>
	<object>
		<name>daisy</name>
		<pose>Unspecified</pose>
		<truncated>Unspecified</truncated>
		<difficult>Unspecified</difficult>
		<bndbox>
			<xmin>182</xmin>
			<ymin>102</ymin>
			<xmax>397</xmax>
			<ymax>225</ymax>
		</bndbox>
	</object>
</annotation>