<annotation>
	<folder>my-project-name</folder>
	<filename>36.jpg</filename>
	<path>/my-project-name/36.jpg</path>
	<source>
		<database>Unspecified</database>
	</source>
	<size>
		<width>500</width>
		<height>332</height>
		<depth>3</depth>
	</size>
	<object>
		<name>daisy</name>
		<pose>Unspecified</pose>
		<truncated>Unspecified</truncated>
		<difficult>Unspecified</difficult>
		<bndbox>
			<xmin>306</xmin>
			<ymin>180</ymin>
			<xmax>352</xmax>
			<ymax>208</ymax>
		</bndbox>
	</object>
	<object>
		<name>daisy</name>
		<pose>Unspecified</pose>
		<truncated>Unspecified</truncated>
		<difficult>Unspecified</difficult>
		<bndbox>
			<xmin>122</xmin>
			<ymin>206</ymin>
			<xmax>158</xmax>
			<ymax>229</ymax>
		</bndbox>
	</object>
</annotation>