<annotation>
	<folder>my-project-name</folder>
	<filename>37.jpg</filename>
	<path>/my-project-name/37.jpg</path>
	<source>
		<database>Unspecified</database>
	</source>
	<size>
		<width>320</width>
		<height>213</height>
		<depth>3</depth>
	</size>
	<object>
		<name>daisy</name>
		<pose>Unspecified</pose>
		<truncated>Unspecified</truncated>
		<difficult>Unspecified</difficult>
		<bndbox>
			<xmin>127</xmin>
			<ymin>75</ymin>
			<xmax>192</xmax>
			<ymax>136</ymax>
		</bndbox>
	</object>
</annotation>