<annotation>
	<folder>my-project-name</folder>
	<filename>49.jpg</filename>
	<path>/my-project-name/49.jpg</path>
	<source>
		<database>Unspecified</database>
	</source>
	<size>
		<width>240</width>
		<height>223</height>
		<depth>3</depth>
	</size>
	<object>
		<name>daisy</name>
		<pose>Unspecified</pose>
		<truncated>Unspecified</truncated>
		<difficult>Unspecified</difficult>
		<bndbox>
			<xmin>19</xmin>
			<ymin>16</ymin>
			<xmax>190</xmax>
			<ymax>204</ymax>
		</bndbox>
	</object>
</annotation>