<annotation>
	<folder>my-project-name</folder>
	<filename>83.jpg</filename>
	<path>/my-project-name/83.jpg</path>
	<source>
		<database>Unspecified</database>
	</source>
	<size>
		<width>187</width>
		<height>240</height>
		<depth>3</depth>
	</size>
	<object>
		<name>daisy</name>
		<pose>Unspecified</pose>
		<truncated>Unspecified</truncated>
		<difficult>Unspecified</difficult>
		<bndbox>
			<xmin>74</xmin>
			<ymin>14</ymin>
			<xmax>151</xmax>
			<ymax>92</ymax>
		</bndbox>
	</object>
	<object>
		<name>daisy</name>
		<pose>Unspecified</pose>
		<truncated>Unspecified</truncated>
		<difficult>Unspecified</difficult>
		<bndbox>
			<xmin>1</xmin>
			<ymin>1</ymin>
			<xmax>82</xmax>
			<ymax>76</ymax>
		</bndbox>
	</object>
	<object>
		<name>daisy</name>
		<pose>Unspecified</pose>
		<truncated>Unspecified</truncated>
		<difficult>Unspecified</difficult>
		<bndbox>
			<xmin>52</xmin>
			<ymin>105</ymin>
			<xmax>124</xmax>
			<ymax>166</ymax>
		</bndbox>
	</object>
	<object>
		<name>daisy</name>
		<pose>Unspecified</pose>
		<truncated>Unspecified</truncated>
		<difficult>Unspecified</difficult>
		<bndbox>
			<xmin>75</xmin>
			<ymin>139</ymin>
			<xmax>173</xmax>
			<ymax>214</ymax>
		</bndbox>
	</object>
	<object>
		<name>daisy</name>
		<pose>Unspecified</pose>
		<truncated>Unspecified</truncated>
		<difficult>Unspecified</difficult>
		<bndbox>
			<xmin>29</xmin>
			<ymin>159</ymin>
			<xmax>98</xmax>
			<ymax>224</ymax>
		</bndbox>
	</object>
</annotation>