<annotation>
	<folder>my-project-name</folder>
	<filename>17.jpg</filename>
	<path>/my-project-name/17.jpg</path>
	<source>
		<database>Unspecified</database>
	</source>
	<size>
		<width>320</width>
		<height>219</height>
		<depth>3</depth>
	</size>
	<object>
		<name>daisy</name>
		<pose>Unspecified</pose>
		<truncated>Unspecified</truncated>
		<difficult>Unspecified</difficult>
		<bndbox>
			<xmin>169</xmin>
			<ymin>64</ymin>
			<xmax>210</xmax>
			<ymax>92</ymax>
		</bndbox>
	</object>
	<object>
		<name>daisy</name>
		<pose>Unspecified</pose>
		<truncated>Unspecified</truncated>
		<difficult>Unspecified</difficult>
		<bndbox>
			<xmin>173</xmin>
			<ymin>111</ymin>
			<xmax>205</xmax>
			<ymax>134</ymax>
		</bndbox>
	</object>
	<object>
		<name>daisy</name>
		<pose>Unspecified</pose>
		<truncated>Unspecified</truncated>
		<difficult>Unspecified</difficult>
		<bndbox>
			<xmin>197</xmin>
			<ymin>151</ymin>
			<xmax>230</xmax>
			<ymax>179</ymax>
		</bndbox>
	</object>
	<object>
		<name>daisy</name>
		<pose>Unspecified</pose>
		<truncated>Unspecified</truncated>
		<difficult>Unspecified</difficult>
		<bndbox>
			<xmin>89</xmin>
			<ymin>139</ymin>
			<xmax>114</xmax>
			<ymax>161</ymax>
		</bndbox>
	</object>
	<object>
		<name>daisy</name>
		<pose>Unspecified</pose>
		<truncated>Unspecified</truncated>
		<difficult>Unspecified</difficult>
		<bndbox>
			<xmin>52</xmin>
			<ymin>118</ymin>
			<xmax>82</xmax>
			<ymax>139</ymax>
		</bndbox>
	</object>
	<object>
		<name>daisy</name>
		<pose>Unspecified</pose>
		<truncated>Unspecified</truncated>
		<difficult>Unspecified</difficult>
		<bndbox>
			<xmin>105</xmin>
			<ymin>82</ymin>
			<xmax>141</xmax>
			<ymax>101</ymax>
		</bndbox>
	</object>
	<object>
		<name>daisy</name>
		<pose>Unspecified</pose>
		<truncated>Unspecified</truncated>
		<difficult>Unspecified</difficult>
		<bndbox>
			<xmin>24</xmin>
			<ymin>75</ymin>
			<xmax>45</xmax>
			<ymax>95</ymax>
		</bndbox>
	</object>
	<object>
		<name>daisy</name>
		<pose>Unspecified</pose>
		<truncated>Unspecified</truncated>
		<difficult>Unspecified</difficult>
		<bndbox>
			<xmin>235</xmin>
			<ymin>173</ymin>
			<xmax>263</xmax>
			<ymax>202</ymax>
		</bndbox>
	</object>
	<object>
		<name>daisy</name>
		<pose>Unspecified</pose>
		<truncated>Unspecified</truncated>
		<difficult>Unspecified</difficult>
		<bndbox>
			<xmin>217</xmin>
			<ymin>95</ymin>
			<xmax>241</xmax>
			<ymax>114</ymax>
		</bndbox>
	</object>
	<object>
		<name>daisy</name>
		<pose>Unspecified</pose>
		<truncated>Unspecified</truncated>
		<difficult>Unspecified</difficult>
		<bndbox>
			<xmin>280</xmin>
			<ymin>123</ymin>
			<xmax>301</xmax>
			<ymax>140</ymax>
		</bndbox>
	</object>
	<object>
		<name>daisy</name>
		<pose>Unspecified</pose>
		<truncated>Unspecified</truncated>
		<difficult>Unspecified</difficult>
		<bndbox>
			<xmin>134</xmin>
			<ymin>203</ymin>
			<xmax>163</xmax>
			<ymax>217</ymax>
		</bndbox>
	</object>
	<object>
		<name>daisy</name>
		<pose>Unspecified</pose>
		<truncated>Unspecified</truncated>
		<difficult>Unspecified</difficult>
		<bndbox>
			<xmin>93</xmin>
			<ymin>184</ymin>
			<xmax>114</xmax>
			<ymax>202</ymax>
		</bndbox>
	</object>
	<object>
		<name>daisy</name>
		<pose>Unspecified</pose>
		<truncated>Unspecified</truncated>
		<difficult>Unspecified</difficult>
		<bndbox>
			<xmin>8</xmin>
			<ymin>181</ymin>
			<xmax>40</xmax>
			<ymax>201</ymax>
		</bndbox>
	</object>
	<object>
		<name>daisy</name>
		<pose>Unspecified</pose>
		<truncated>Unspecified</truncated>
		<difficult>Unspecified</difficult>
		<bndbox>
			<xmin>57</xmin>
			<ymin>56</ymin>
			<xmax>85</xmax>
			<ymax>69</ymax>
		</bndbox>
	</object>
	<object>
		<name>daisy</name>
		<pose>Unspecified</pose>
		<truncated>Unspecified</truncated>
		<difficult>Unspecified</difficult>
		<bndbox>
			<xmin>113</xmin>
			<ymin>46</ymin>
			<xmax>137</xmax>
			<ymax>62</ymax>
		</bndbox>
	</object>
	<object>
		<name>daisy</name>
		<pose>Unspecified</pose>
		<truncated>Unspecified</truncated>
		<difficult>Unspecified</difficult>
		<bndbox>
			<xmin>185</xmin>
			<ymin>21</ymin>
			<xmax>209</xmax>
			<ymax>41</ymax>
		</bndbox>
	</object>
	<object>
		<name>daisy</name>
		<pose>Unspecified</pose>
		<truncated>Unspecified</truncated>
		<difficult>Unspecified</difficult>
		<bndbox>
			<xmin>227</xmin>
			<ymin>21</ymin>
			<xmax>253</xmax>
			<ymax>34</ymax>
		</bndbox>
	</object>
	<object>
		<name>daisy</name>
		<pose>Unspecified</pose>
		<truncated>Unspecified</truncated>
		<difficult>Unspecified</difficult>
		<bndbox>
			<xmin>236</xmin>
			<ymin>91</ymin>
			<xmax>266</xmax>
			<ymax>113</ymax>
		</bndbox>
	</object>
	<object>
		<name>daisy</name>
		<pose>Unspecified</pose>
		<truncated>Unspecified</truncated>
		<difficult>Unspecified</difficult>
		<bndbox>
			<xmin>200</xmin>
			<ymin>74</ymin>
			<xmax>225</xmax>
			<ymax>97</ymax>
		</bndbox>
	</object>
	<object>
		<name>daisy</name>
		<pose>Unspecified</pose>
		<truncated>Unspecified</truncated>
		<difficult>Unspecified</difficult>
		<bndbox>
			<xmin>118</xmin>
			<ymin>115</ymin>
			<xmax>142</xmax>
			<ymax>130</ymax>
		</bndbox>
	</object>
	<object>
		<name>daisy</name>
		<pose>Unspecified</pose>
		<truncated>Unspecified</truncated>
		<difficult>Unspecified</difficult>
		<bndbox>
			<xmin>139</xmin>
			<ymin>23</ymin>
			<xmax>156</xmax>
			<ymax>36</ymax>
		</bndbox>
	</object>
	<object>
		<name>daisy</name>
		<pose>Unspecified</pose>
		<truncated>Unspecified</truncated>
		<difficult>Unspecified</difficult>
		<bndbox>
			<xmin>50</xmin>
			<ymin>25</ymin>
			<xmax>74</xmax>
			<ymax>38</ymax>
		</bndbox>
	</object>
	<object>
		<name>daisy</name>
		<pose>Unspecified</pose>
		<truncated>Unspecified</truncated>
		<difficult>Unspecified</difficult>
		<bndbox>
			<xmin>25</xmin>
			<ymin>1</ymin>
			<xmax>49</xmax>
			<ymax>10</ymax>
		</bndbox>
	</object>
	<object>
		<name>daisy</name>
		<pose>Unspecified</pose>
		<truncated>Unspecified</truncated>
		<difficult>Unspecified</difficult>
		<bndbox>
			<xmin>85</xmin>
			<ymin>1</ymin>
			<xmax>106</xmax>
			<ymax>8</ymax>
		</bndbox>
	</object>
	<object>
		<name>daisy</name>
		<pose>Unspecified</pose>
		<truncated>Unspecified</truncated>
		<difficult>Unspecified</difficult>
		<bndbox>
			<xmin>123</xmin>
			<ymin>5</ymin>
			<xmax>146</xmax>
			<ymax>17</ymax>
		</bndbox>
	</object>
	<object>
		<name>daisy</name>
		<pose>Unspecified</pose>
		<truncated>Unspecified</truncated>
		<difficult>Unspecified</difficult>
		<bndbox>
			<xmin>235</xmin>
			<ymin>4</ymin>
			<xmax>252</xmax>
			<ymax>11</ymax>
		</bndbox>
	</object>
	<object>
		<name>daisy</name>
		<pose>Unspecified</pose>
		<truncated>Unspecified</truncated>
		<difficult>Unspecified</difficult>
		<bndbox>
			<xmin>265</xmin>
			<ymin>7</ymin>
			<xmax>286</xmax>
			<ymax>18</ymax>
		</bndbox>
	</object>
	<object>
		<name>daisy</name>
		<pose>Unspecified</pose>
		<truncated>Unspecified</truncated>
		<difficult>Unspecified</difficult>
		<bndbox>
			<xmin>165</xmin>
			<ymin>192</ymin>
			<xmax>190</xmax>
			<ymax>217</ymax>
		</bndbox>
	</object>
	<object>
		<name>daisy</name>
		<pose>Unspecified</pose>
		<truncated>Unspecified</truncated>
		<difficult>Unspecified</difficult>
		<bndbox>
			<xmin>263</xmin>
			<ymin>173</ymin>
			<xmax>288</xmax>
			<ymax>193</ymax>
		</bndbox>
	</object>
</annotation>