<annotation>
	<folder>my-project-name</folder>
	<filename>60.jpg</filename>
	<path>/my-project-name/60.jpg</path>
	<source>
		<database>Unspecified</database>
	</source>
	<size>
		<width>500</width>
		<height>375</height>
		<depth>3</depth>
	</size>
	<object>
		<name>daisy</name>
		<pose>Unspecified</pose>
		<truncated>Unspecified</truncated>
		<difficult>Unspecified</difficult>
		<bndbox>
			<xmin>5</xmin>
			<ymin>26</ymin>
			<xmax>270</xmax>
			<ymax>285</ymax>
		</bndbox>
	</object>
	<object>
		<name>daisy</name>
		<pose>Unspecified</pose>
		<truncated>Unspecified</truncated>
		<difficult>Unspecified</difficult>
		<bndbox>
			<xmin>184</xmin>
			<ymin>78</ymin>
			<xmax>380</xmax>
			<ymax>317</ymax>
		</bndbox>
	</object>
</annotation>