<annotation>
	<folder>my-project-name</folder>
	<filename>62.jpg</filename>
	<path>/my-project-name/62.jpg</path>
	<source>
		<database>Unspecified</database>
	</source>
	<size>
		<width>238</width>
		<height>240</height>
		<depth>3</depth>
	</size>
	<object>
		<name>daisy</name>
		<pose>Unspecified</pose>
		<truncated>Unspecified</truncated>
		<difficult>Unspecified</difficult>
		<bndbox>
			<xmin>34</xmin>
			<ymin>35</ymin>
			<xmax>206</xmax>
			<ymax>187</ymax>
		</bndbox>
	</object>
</annotation>