<annotation>
	<folder>my-project-name</folder>
	<filename>65.jpg</filename>
	<path>/my-project-name/65.jpg</path>
	<source>
		<database>Unspecified</database>
	</source>
	<size>
		<width>500</width>
		<height>333</height>
		<depth>3</depth>
	</size>
	<object>
		<name>daisy</name>
		<pose>Unspecified</pose>
		<truncated>Unspecified</truncated>
		<difficult>Unspecified</difficult>
		<bndbox>
			<xmin>202</xmin>
			<ymin>151</ymin>
			<xmax>280</xmax>
			<ymax>212</ymax>
		</bndbox>
	</object>
	<object>
		<name>daisy</name>
		<pose>Unspecified</pose>
		<truncated>Unspecified</truncated>
		<difficult>Unspecified</difficult>
		<bndbox>
			<xmin>185</xmin>
			<ymin>237</ymin>
			<xmax>259</xmax>
			<ymax>292</ymax>
		</bndbox>
	</object>
	<object>
		<name>daisy</name>
		<pose>Unspecified</pose>
		<truncated>Unspecified</truncated>
		<difficult>Unspecified</difficult>
		<bndbox>
			<xmin>305</xmin>
			<ymin>119</ymin>
			<xmax>375</xmax>
			<ymax>169</ymax>
		</bndbox>
	</object>
	<object>
		<name>daisy</name>
		<pose>Unspecified</pose>
		<truncated>Unspecified</truncated>
		<difficult>Unspecified</difficult>
		<bndbox>
			<xmin>159</xmin>
			<ymin>158</ymin>
			<xmax>203</xmax>
			<ymax>192</ymax>
		</bndbox>
	</object>
</annotation>