<annotation>
	<folder>my-project-name</folder>
	<filename>66.jpg</filename>
	<path>/my-project-name/66.jpg</path>
	<source>
		<database>Unspecified</database>
	</source>
	<size>
		<width>320</width>
		<height>240</height>
		<depth>3</depth>
	</size>
	<object>
		<name>daisy</name>
		<pose>Unspecified</pose>
		<truncated>Unspecified</truncated>
		<difficult>Unspecified</difficult>
		<bndbox>
			<xmin>58</xmin>
			<ymin>17</ymin>
			<xmax>282</xmax>
			<ymax>238</ymax>
		</bndbox>
	</object>
</annotation>