<annotation>
	<folder>my-project-name</folder>
	<filename>88.jpg</filename>
	<path>/my-project-name/88.jpg</path>
	<source>
		<database>Unspecified</database>
	</source>
	<size>
		<width>320</width>
		<height>213</height>
		<depth>3</depth>
	</size>
	<object>
		<name>daisy</name>
		<pose>Unspecified</pose>
		<truncated>Unspecified</truncated>
		<difficult>Unspecified</difficult>
		<bndbox>
			<xmin>110</xmin>
			<ymin>35</ymin>
			<xmax>213</xmax>
			<ymax>126</ymax>
		</bndbox>
	</object>
	<object>
		<name>daisy</name>
		<pose>Unspecified</pose>
		<truncated>Unspecified</truncated>
		<difficult>Unspecified</difficult>
		<bndbox>
			<xmin>91</xmin>
			<ymin>116</ymin>
			<xmax>206</xmax>
			<ymax>200</ymax>
		</bndbox>
	</object>
	<object>
		<name>daisy</name>
		<pose>Unspecified</pose>
		<truncated>Unspecified</truncated>
		<difficult>Unspecified</difficult>
		<bndbox>
			<xmin>0</xmin>
			<ymin>119</ymin>
			<xmax>38</xmax>
			<ymax>211</ymax>
		</bndbox>
	</object>
</annotation>