<annotation>
	<folder>my-project-name</folder>
	<filename>1.jpg</filename>
	<path>/my-project-name/1.jpg</path>
	<source>
		<database>Unspecified</database>
	</source>
	<size>
		<width>320</width>
		<height>209</height>
		<depth>3</depth>
	</size>
	<object>
		<name>tulip</name>
		<pose>Unspecified</pose>
		<truncated>Unspecified</truncated>
		<difficult>Unspecified</difficult>
		<bndbox>
			<xmin>59</xmin>
			<ymin>12</ymin>
			<xmax>145</xmax>
			<ymax>107</ymax>
		</bndbox>
	</object>
	<object>
		<name>tulip</name>
		<pose>Unspecified</pose>
		<truncated>Unspecified</truncated>
		<difficult>Unspecified</difficult>
		<bndbox>
			<xmin>198</xmin>
			<ymin>25</ymin>
			<xmax>249</xmax>
			<ymax>111</ymax>
		</bndbox>
	</object>
</annotation>