<annotation>
	<folder>my-project-name</folder>
	<filename>10.jpg</filename>
	<path>/my-project-name/10.jpg</path>
	<source>
		<database>Unspecified</database>
	</source>
	<size>
		<width>159</width>
		<height>240</height>
		<depth>3</depth>
	</size>
	<object>
		<name>tulip</name>
		<pose>Unspecified</pose>
		<truncated>Unspecified</truncated>
		<difficult>Unspecified</difficult>
		<bndbox>
			<xmin>26</xmin>
			<ymin>68</ymin>
			<xmax>70</xmax>
			<ymax>106</ymax>
		</bndbox>
	</object>
	<object>
		<name>tulip</name>
		<pose>Unspecified</pose>
		<truncated>Unspecified</truncated>
		<difficult>Unspecified</difficult>
		<bndbox>
			<xmin>79</xmin>
			<ymin>26</ymin>
			<xmax>100</xmax>
			<ymax>68</ymax>
		</bndbox>
	</object>
	<object>
		<name>tulip</name>
		<pose>Unspecified</pose>
		<truncated>Unspecified</truncated>
		<difficult>Unspecified</difficult>
		<bndbox>
			<xmin>130</xmin>
			<ymin>48</ymin>
			<xmax>151</xmax>
			<ymax>92</ymax>
		</bndbox>
	</object>
	<object>
		<name>tulip</name>
		<pose>Unspecified</pose>
		<truncated>Unspecified</truncated>
		<difficult>Unspecified</difficult>
		<bndbox>
			<xmin>66</xmin>
			<ymin>58</ymin>
			<xmax>89</xmax>
			<ymax>90</ymax>
		</bndbox>
	</object>
	<object>
		<name>tulip</name>
		<pose>Unspecified</pose>
		<truncated>Unspecified</truncated>
		<difficult>Unspecified</difficult>
		<bndbox>
			<xmin>60</xmin>
			<ymin>15</ymin>
			<xmax>78</xmax>
			<ymax>54</ymax>
		</bndbox>
	</object>
	<object>
		<name>tulip</name>
		<pose>Unspecified</pose>
		<truncated>Unspecified</truncated>
		<difficult>Unspecified</difficult>
		<bndbox>
			<xmin>10</xmin>
			<ymin>167</ymin>
			<xmax>38</xmax>
			<ymax>220</ymax>
		</bndbox>
	</object>
</annotation>