<annotation>
	<folder>my-project-name</folder>
	<filename>14.jpg</filename>
	<path>/my-project-name/14.jpg</path>
	<source>
		<database>Unspecified</database>
	</source>
	<size>
		<width>159</width>
		<height>240</height>
		<depth>3</depth>
	</size>
	<object>
		<name>tulip</name>
		<pose>Unspecified</pose>
		<truncated>Unspecified</truncated>
		<difficult>Unspecified</difficult>
		<bndbox>
			<xmin>32</xmin>
			<ymin>83</ymin>
			<xmax>97</xmax>
			<ymax>132</ymax>
		</bndbox>
	</object>
	<object>
		<name>tulip</name>
		<pose>Unspecified</pose>
		<truncated>Unspecified</truncated>
		<difficult>Unspecified</difficult>
		<bndbox>
			<xmin>13</xmin>
			<ymin>141</ymin>
			<xmax>70</xmax>
			<ymax>198</ymax>
		</bndbox>
	</object>
	<object>
		<name>tulip</name>
		<pose>Unspecified</pose>
		<truncated>Unspecified</truncated>
		<difficult>Unspecified</difficult>
		<bndbox>
			<xmin>118</xmin>
			<ymin>149</ymin>
			<xmax>154</xmax>
			<ymax>199</ymax>
		</bndbox>
	</object>
	<object>
		<name>tulip</name>
		<pose>Unspecified</pose>
		<truncated>Unspecified</truncated>
		<difficult>Unspecified</difficult>
		<bndbox>
			<xmin>88</xmin>
			<ymin>129</ymin>
			<xmax>128</xmax>
			<ymax>180</ymax>
		</bndbox>
	</object>
</annotation>