<annotation>
	<folder>my-project-name</folder>
	<filename>2.jpg</filename>
	<path>/my-project-name/2.jpg</path>
	<source>
		<database>Unspecified</database>
	</source>
	<size>
		<width>500</width>
		<height>333</height>
		<depth>3</depth>
	</size>
	<object>
		<name>tulip</name>
		<pose>Unspecified</pose>
		<truncated>Unspecified</truncated>
		<difficult>Unspecified</difficult>
		<bndbox>
			<xmin>165</xmin>
			<ymin>40</ymin>
			<xmax>399</xmax>
			<ymax>272</ymax>
		</bndbox>
	</object>
</annotation>