<annotation>
	<folder>my-project-name</folder>
	<filename>21.jpg</filename>
	<path>/my-project-name/21.jpg</path>
	<source>
		<database>Unspecified</database>
	</source>
	<size>
		<width>170</width>
		<height>240</height>
		<depth>3</depth>
	</size>
	<object>
		<name>tulip</name>
		<pose>Unspecified</pose>
		<truncated>Unspecified</truncated>
		<difficult>Unspecified</difficult>
		<bndbox>
			<xmin>86</xmin>
			<ymin>164</ymin>
			<xmax>121</xmax>
			<ymax>212</ymax>
		</bndbox>
	</object>
	<object>
		<name>tulip</name>
		<pose>Unspecified</pose>
		<truncated>Unspecified</truncated>
		<difficult>Unspecified</difficult>
		<bndbox>
			<xmin>42</xmin>
			<ymin>79</ymin>
			<xmax>83</xmax>
			<ymax>125</ymax>
		</bndbox>
	</object>
	<object>
		<name>tulip</name>
		<pose>Unspecified</pose>
		<truncated>Unspecified</truncated>
		<difficult>Unspecified</difficult>
		<bndbox>
			<xmin>20</xmin>
			<ymin>95</ymin>
			<xmax>56</xmax>
			<ymax>148</ymax>
		</bndbox>
	</object>
	<object>
		<name>tulip</name>
		<pose>Unspecified</pose>
		<truncated>Unspecified</truncated>
		<difficult>Unspecified</difficult>
		<bndbox>
			<xmin>43</xmin>
			<ymin>16</ymin>
			<xmax>88</xmax>
			<ymax>60</ymax>
		</bndbox>
	</object>
</annotation>