<annotation>
	<folder>my-project-name</folder>
	<filename>23.jpg</filename>
	<path>/my-project-name/23.jpg</path>
	<source>
		<database>Unspecified</database>
	</source>
	<size>
		<width>320</width>
		<height>213</height>
		<depth>3</depth>
	</size>
	<object>
		<name>tulip</name>
		<pose>Unspecified</pose>
		<truncated>Unspecified</truncated>
		<difficult>Unspecified</difficult>
		<bndbox>
			<xmin>81</xmin>
			<ymin>6</ymin>
			<xmax>251</xmax>
			<ymax>174</ymax>
		</bndbox>
	</object>
</annotation>