<annotation>
	<folder>my-project-name</folder>
	<filename>24.jpg</filename>
	<path>/my-project-name/24.jpg</path>
	<source>
		<database>Unspecified</database>
	</source>
	<size>
		<width>320</width>
		<height>240</height>
		<depth>3</depth>
	</size>
	<object>
		<name>tulip</name>
		<pose>Unspecified</pose>
		<truncated>Unspecified</truncated>
		<difficult>Unspecified</difficult>
		<bndbox>
			<xmin>116</xmin>
			<ymin>97</ymin>
			<xmax>228</xmax>
			<ymax>202</ymax>
		</bndbox>
	</object>
	<object>
		<name>tulip</name>
		<pose>Unspecified</pose>
		<truncated>Unspecified</truncated>
		<difficult>Unspecified</difficult>
		<bndbox>
			<xmin>204</xmin>
			<ymin>63</ymin>
			<xmax>311</xmax>
			<ymax>161</ymax>
		</bndbox>
	</object>
</annotation>