<annotation>
	<folder>my-project-name</folder>
	<filename>25.jpg</filename>
	<path>/my-project-name/25.jpg</path>
	<source>
		<database>Unspecified</database>
	</source>
	<size>
		<width>240</width>
		<height>159</height>
		<depth>3</depth>
	</size>
	<object>
		<name>tulip</name>
		<pose>Unspecified</pose>
		<truncated>Unspecified</truncated>
		<difficult>Unspecified</difficult>
		<bndbox>
			<xmin>48</xmin>
			<ymin>66</ymin>
			<xmax>116</xmax>
			<ymax>116</ymax>
		</bndbox>
	</object>
	<object>
		<name>tulip</name>
		<pose>Unspecified</pose>
		<truncated>Unspecified</truncated>
		<difficult>Unspecified</difficult>
		<bndbox>
			<xmin>109</xmin>
			<ymin>39</ymin>
			<xmax>167</xmax>
			<ymax>76</ymax>
		</bndbox>
	</object>
	<object>
		<name>tulip</name>
		<pose>Unspecified</pose>
		<truncated>Unspecified</truncated>
		<difficult>Unspecified</difficult>
		<bndbox>
			<xmin>0</xmin>
			<ymin>109</ymin>
			<xmax>39</xmax>
			<ymax>159</ymax>
		</bndbox>
	</object>
</annotation>