<annotation>
	<folder>my-project-name</folder>
	<filename>28.jpg</filename>
	<path>/my-project-name/28.jpg</path>
	<source>
		<database>Unspecified</database>
	</source>
	<size>
		<width>500</width>
		<height>333</height>
		<depth>3</depth>
	</size>
	<object>
		<name>tulip</name>
		<pose>Unspecified</pose>
		<truncated>Unspecified</truncated>
		<difficult>Unspecified</difficult>
		<bndbox>
			<xmin>117</xmin>
			<ymin>102</ymin>
			<xmax>360</xmax>
			<ymax>318</ymax>
		</bndbox>
	</object>
	<object>
		<name>tulip</name>
		<pose>Unspecified</pose>
		<truncated>Unspecified</truncated>
		<difficult>Unspecified</difficult>
		<bndbox>
			<xmin>329</xmin>
			<ymin>24</ymin>
			<xmax>487</xmax>
			<ymax>152</ymax>
		</bndbox>
	</object>
</annotation>