<annotation>
	<folder>my-project-name</folder>
	<filename>29.jpg</filename>
	<path>/my-project-name/29.jpg</path>
	<source>
		<database>Unspecified</database>
	</source>
	<size>
		<width>240</width>
		<height>221</height>
		<depth>3</depth>
	</size>
	<object>
		<name>tulip</name>
		<pose>Unspecified</pose>
		<truncated>Unspecified</truncated>
		<difficult>Unspecified</difficult>
		<bndbox>
			<xmin>53</xmin>
			<ymin>97</ymin>
			<xmax>85</xmax>
			<ymax>135</ymax>
		</bndbox>
	</object>
	<object>
		<name>tulip</name>
		<pose>Unspecified</pose>
		<truncated>Unspecified</truncated>
		<difficult>Unspecified</difficult>
		<bndbox>
			<xmin>90</xmin>
			<ymin>102</ymin>
			<xmax>115</xmax>
			<ymax>143</ymax>
		</bndbox>
	</object>
	<object>
		<name>tulip</name>
		<pose>Unspecified</pose>
		<truncated>Unspecified</truncated>
		<difficult>Unspecified</difficult>
		<bndbox>
			<xmin>113</xmin>
			<ymin>89</ymin>
			<xmax>143</xmax>
			<ymax>127</ymax>
		</bndbox>
	</object>
	<object>
		<name>tulip</name>
		<pose>Unspecified</pose>
		<truncated>Unspecified</truncated>
		<difficult>Unspecified</difficult>
		<bndbox>
			<xmin>139</xmin>
			<ymin>107</ymin>
			<xmax>166</xmax>
			<ymax>151</ymax>
		</bndbox>
	</object>
	<object>
		<name>tulip</name>
		<pose>Unspecified</pose>
		<truncated>Unspecified</truncated>
		<difficult>Unspecified</difficult>
		<bndbox>
			<xmin>168</xmin>
			<ymin>121</ymin>
			<xmax>190</xmax>
			<ymax>157</ymax>
		</bndbox>
	</object>
	<object>
		<name>tulip</name>
		<pose>Unspecified</pose>
		<truncated>Unspecified</truncated>
		<difficult>Unspecified</difficult>
		<bndbox>
			<xmin>191</xmin>
			<ymin>148</ymin>
			<xmax>221</xmax>
			<ymax>188</ymax>
		</bndbox>
	</object>
	<object>
		<name>tulip</name>
		<pose>Unspecified</pose>
		<truncated>Unspecified</truncated>
		<difficult>Unspecified</difficult>
		<bndbox>
			<xmin>20</xmin>
			<ymin>151</ymin>
			<xmax>42</xmax>
			<ymax>183</ymax>
		</bndbox>
	</object>
</annotation>