<annotation>
	<folder>my-project-name</folder>
	<filename>30.jpg</filename>
	<path>/my-project-name/30.jpg</path>
	<source>
		<database>Unspecified</database>
	</source>
	<size>
		<width>320</width>
		<height>213</height>
		<depth>3</depth>
	</size>
	<object>
		<name>tulip</name>
		<pose>Unspecified</pose>
		<truncated>Unspecified</truncated>
		<difficult>Unspecified</difficult>
		<bndbox>
			<xmin>48</xmin>
			<ymin>21</ymin>
			<xmax>135</xmax>
			<ymax>162</ymax>
		</bndbox>
	</object>
	<object>
		<name>tulip</name>
		<pose>Unspecified</pose>
		<truncated>Unspecified</truncated>
		<difficult>Unspecified</difficult>
		<bndbox>
			<xmin>228</xmin>
			<ymin>35</ymin>
			<xmax>276</xmax>
			<ymax>105</ymax>
		</bndbox>
	</object>
	<object>
		<name>tulip</name>
		<pose>Unspecified</pose>
		<truncated>Unspecified</truncated>
		<difficult>Unspecified</difficult>
		<bndbox>
			<xmin>270</xmin>
			<ymin>10</ymin>
			<xmax>320</xmax>
			<ymax>81</ymax>
		</bndbox>
	</object>
	<object>
		<name>tulip</name>
		<pose>Unspecified</pose>
		<truncated>Unspecified</truncated>
		<difficult>Unspecified</difficult>
		<bndbox>
			<xmin>188</xmin>
			<ymin>105</ymin>
			<xmax>234</xmax>
			<ymax>162</ymax>
		</bndbox>
	</object>
	<object>
		<name>tulip</name>
		<pose>Unspecified</pose>
		<truncated>Unspecified</truncated>
		<difficult>Unspecified</difficult>
		<bndbox>
			<xmin>249</xmin>
			<ymin>141</ymin>
			<xmax>279</xmax>
			<ymax>209</ymax>
		</bndbox>
	</object>
	<object>
		<name>tulip</name>
		<pose>Unspecified</pose>
		<truncated>Unspecified</truncated>
		<difficult>Unspecified</difficult>
		<bndbox>
			<xmin>213</xmin>
			<ymin>148</ymin>
			<xmax>253</xmax>
			<ymax>209</ymax>
		</bndbox>
	</object>
</annotation>