<annotation>
	<folder>my-project-name</folder>
	<filename>33.jpg</filename>
	<path>/my-project-name/33.jpg</path>
	<source>
		<database>Unspecified</database>
	</source>
	<size>
		<width>239</width>
		<height>240</height>
		<depth>3</depth>
	</size>
	<object>
		<name>tulip</name>
		<pose>Unspecified</pose>
		<truncated>Unspecified</truncated>
		<difficult>Unspecified</difficult>
		<bndbox>
			<xmin>54</xmin>
			<ymin>27</ymin>
			<xmax>189</xmax>
			<ymax>164</ymax>
		</bndbox>
	</object>
	<object>
		<name>tulip</name>
		<pose>Unspecified</pose>
		<truncated>Unspecified</truncated>
		<difficult>Unspecified</difficult>
		<bndbox>
			<xmin>184</xmin>
			<ymin>60</ymin>
			<xmax>227</xmax>
			<ymax>125</ymax>
		</bndbox>
	</object>
</annotation>