<annotation>
	<folder>my-project-name</folder>
	<filename>34.jpg</filename>
	<path>/my-project-name/34.jpg</path>
	<source>
		<database>Unspecified</database>
	</source>
	<size>
		<width>500</width>
		<height>333</height>
		<depth>3</depth>
	</size>
	<object>
		<name>tulip</name>
		<pose>Unspecified</pose>
		<truncated>Unspecified</truncated>
		<difficult>Unspecified</difficult>
		<bndbox>
			<xmin>279</xmin>
			<ymin>275</ymin>
			<xmax>310</xmax>
			<ymax>314</ymax>
		</bndbox>
	</object>
</annotation>