<annotation>
	<folder>my-project-name</folder>
	<filename>38.jpg</filename>
	<path>/my-project-name/38.jpg</path>
	<source>
		<database>Unspecified</database>
	</source>
	<size>
		<width>500</width>
		<height>215</height>
		<depth>3</depth>
	</size>
	<object>
		<name>tulip</name>
		<pose>Unspecified</pose>
		<truncated>Unspecified</truncated>
		<difficult>Unspecified</difficult>
		<bndbox>
			<xmin>66</xmin>
			<ymin>30</ymin>
			<xmax>207</xmax>
			<ymax>215</ymax>
		</bndbox>
	</object>
	<object>
		<name>tulip</name>
		<pose>Unspecified</pose>
		<truncated>Unspecified</truncated>
		<difficult>Unspecified</difficult>
		<bndbox>
			<xmin>212</xmin>
			<ymin>43</ymin>
			<xmax>417</xmax>
			<ymax>215</ymax>
		</bndbox>
	</object>
</annotation>