<annotation>
	<folder>my-project-name</folder>
	<filename>51.jpg</filename>
	<path>/my-project-name/51.jpg</path>
	<source>
		<database>Unspecified</database>
	</source>
	<size>
		<width>500</width>
		<height>332</height>
		<depth>3</depth>
	</size>
	<object>
		<name>tulip</name>
		<pose>Unspecified</pose>
		<truncated>Unspecified</truncated>
		<difficult>Unspecified</difficult>
		<bndbox>
			<xmin>98</xmin>
			<ymin>27</ymin>
			<xmax>359</xmax>
			<ymax>292</ymax>
		</bndbox>
	</object>
</annotation>