<annotation>
	<folder>my-project-name</folder>
	<filename>6.jpg</filename>
	<path>/my-project-name/6.jpg</path>
	<source>
		<database>Unspecified</database>
	</source>
	<size>
		<width>320</width>
		<height>213</height>
		<depth>3</depth>
	</size>
	<object>
		<name>tulip</name>
		<pose>Unspecified</pose>
		<truncated>Unspecified</truncated>
		<difficult>Unspecified</difficult>
		<bndbox>
			<xmin>9</xmin>
			<ymin>56</ymin>
			<xmax>33</xmax>
			<ymax>77</ymax>
		</bndbox>
	</object>
	<object>
		<name>tulip</name>
		<pose>Unspecified</pose>
		<truncated>Unspecified</truncated>
		<difficult>Unspecified</difficult>
		<bndbox>
			<xmin>40</xmin>
			<ymin>31</ymin>
			<xmax>64</xmax>
			<ymax>53</ymax>
		</bndbox>
	</object>
	<object>
		<name>tulip</name>
		<pose>Unspecified</pose>
		<truncated>Unspecified</truncated>
		<difficult>Unspecified</difficult>
		<bndbox>
			<xmin>129</xmin>
			<ymin>45</ymin>
			<xmax>144</xmax>
			<ymax>65</ymax>
		</bndbox>
	</object>
	<object>
		<name>tulip</name>
		<pose>Unspecified</pose>
		<truncated>Unspecified</truncated>
		<difficult>Unspecified</difficult>
		<bndbox>
			<xmin>135</xmin>
			<ymin>55</ymin>
			<xmax>165</xmax>
			<ymax>78</ymax>
		</bndbox>
	</object>
	<object>
		<name>tulip</name>
		<pose>Unspecified</pose>
		<truncated>Unspecified</truncated>
		<difficult>Unspecified</difficult>
		<bndbox>
			<xmin>192</xmin>
			<ymin>33</ymin>
			<xmax>211</xmax>
			<ymax>57</ymax>
		</bndbox>
	</object>
	<object>
		<name>tulip</name>
		<pose>Unspecified</pose>
		<truncated>Unspecified</truncated>
		<difficult>Unspecified</difficult>
		<bndbox>
			<xmin>225</xmin>
			<ymin>28</ymin>
			<xmax>249</xmax>
			<ymax>56</ymax>
		</bndbox>
	</object>
	<object>
		<name>tulip</name>
		<pose>Unspecified</pose>
		<truncated>Unspecified</truncated>
		<difficult>Unspecified</difficult>
		<bndbox>
			<xmin>257</xmin>
			<ymin>95</ymin>
			<xmax>274</xmax>
			<ymax>117</ymax>
		</bndbox>
	</object>
	<object>
		<name>tulip</name>
		<pose>Unspecified</pose>
		<truncated>Unspecified</truncated>
		<difficult>Unspecified</difficult>
		<bndbox>
			<xmin>294</xmin>
			<ymin>63</ymin>
			<xmax>311</xmax>
			<ymax>87</ymax>
		</bndbox>
	</object>
</annotation>