<annotation>
	<folder>my-project-name</folder>
	<filename>61.jpg</filename>
	<path>/my-project-name/61.jpg</path>
	<source>
		<database>Unspecified</database>
	</source>
	<size>
		<width>176</width>
		<height>240</height>
		<depth>3</depth>
	</size>
	<object>
		<name>tulip</name>
		<pose>Unspecified</pose>
		<truncated>Unspecified</truncated>
		<difficult>Unspecified</difficult>
		<bndbox>
			<xmin>100</xmin>
			<ymin>7</ymin>
			<xmax>166</xmax>
			<ymax>76</ymax>
		</bndbox>
	</object>
	<object>
		<name>tulip</name>
		<pose>Unspecified</pose>
		<truncated>Unspecified</truncated>
		<difficult>Unspecified</difficult>
		<bndbox>
			<xmin>21</xmin>
			<ymin>18</ymin>
			<xmax>93</xmax>
			<ymax>64</ymax>
		</bndbox>
	</object>
	<object>
		<name>tulip</name>
		<pose>Unspecified</pose>
		<truncated>Unspecified</truncated>
		<difficult>Unspecified</difficult>
		<bndbox>
			<xmin>5</xmin>
			<ymin>69</ymin>
			<xmax>65</xmax>
			<ymax>149</ymax>
		</bndbox>
	</object>
	<object>
		<name>tulip</name>
		<pose>Unspecified</pose>
		<truncated>Unspecified</truncated>
		<difficult>Unspecified</difficult>
		<bndbox>
			<xmin>94</xmin>
			<ymin>82</ymin>
			<xmax>164</xmax>
			<ymax>149</ymax>
		</bndbox>
	</object>
</annotation>