<annotation>
	<folder>my-project-name</folder>
	<filename>64.jpg</filename>
	<path>/my-project-name/64.jpg</path>
	<source>
		<database>Unspecified</database>
	</source>
	<size>
		<width>145</width>
		<height>240</height>
		<depth>3</depth>
	</size>
	<object>
		<name>tulip</name>
		<pose>Unspecified</pose>
		<truncated>Unspecified</truncated>
		<difficult>Unspecified</difficult>
		<bndbox>
			<xmin>14</xmin>
			<ymin>63</ymin>
			<xmax>62</xmax>
			<ymax>103</ymax>
		</bndbox>
	</object>
	<object>
		<name>tulip</name>
		<pose>Unspecified</pose>
		<truncated>Unspecified</truncated>
		<difficult>Unspecified</difficult>
		<bndbox>
			<xmin>65</xmin>
			<ymin>72</ymin>
			<xmax>126</xmax>
			<ymax>125</ymax>
		</bndbox>
	</object>
</annotation>