<annotation>
	<folder>my-project-name</folder>
	<filename>66.jpg</filename>
	<path>/my-project-name/66.jpg</path>
	<source>
		<database>Unspecified</database>
	</source>
	<size>
		<width>147</width>
		<height>240</height>
		<depth>3</depth>
	</size>
	<object>
		<name>tulip</name>
		<pose>Unspecified</pose>
		<truncated>Unspecified</truncated>
		<difficult>Unspecified</difficult>
		<bndbox>
			<xmin>3</xmin>
			<ymin>62</ymin>
			<xmax>70</xmax>
			<ymax>131</ymax>
		</bndbox>
	</object>
	<object>
		<name>tulip</name>
		<pose>Unspecified</pose>
		<truncated>Unspecified</truncated>
		<difficult>Unspecified</difficult>
		<bndbox>
			<xmin>39</xmin>
			<ymin>4</ymin>
			<xmax>131</xmax>
			<ymax>87</ymax>
		</bndbox>
	</object>
</annotation>