<annotation>
	<folder>my-project-name</folder>
	<filename>68.jpg</filename>
	<path>/my-project-name/68.jpg</path>
	<source>
		<database>Unspecified</database>
	</source>
	<size>
		<width>145</width>
		<height>240</height>
		<depth>3</depth>
	</size>
	<object>
		<name>tulip</name>
		<pose>Unspecified</pose>
		<truncated>Unspecified</truncated>
		<difficult>Unspecified</difficult>
		<bndbox>
			<xmin>26</xmin>
			<ymin>55</ymin>
			<xmax>120</xmax>
			<ymax>141</ymax>
		</bndbox>
	</object>
	<object>
		<name>tulip</name>
		<pose>Unspecified</pose>
		<truncated>Unspecified</truncated>
		<difficult>Unspecified</difficult>
		<bndbox>
			<xmin>3</xmin>
			<ymin>12</ymin>
			<xmax>64</xmax>
			<ymax>90</ymax>
		</bndbox>
	</object>
</annotation>