<annotation>
	<folder>my-project-name</folder>
	<filename>70.jpg</filename>
	<path>/my-project-name/70.jpg</path>
	<source>
		<database>Unspecified</database>
	</source>
	<size>
		<width>180</width>
		<height>240</height>
		<depth>3</depth>
	</size>
	<object>
		<name>tulip</name>
		<pose>Unspecified</pose>
		<truncated>Unspecified</truncated>
		<difficult>Unspecified</difficult>
		<bndbox>
			<xmin>19</xmin>
			<ymin>27</ymin>
			<xmax>76</xmax>
			<ymax>80</ymax>
		</bndbox>
	</object>
	<object>
		<name>tulip</name>
		<pose>Unspecified</pose>
		<truncated>Unspecified</truncated>
		<difficult>Unspecified</difficult>
		<bndbox>
			<xmin>87</xmin>
			<ymin>15</ymin>
			<xmax>154</xmax>
			<ymax>68</ymax>
		</bndbox>
	</object>
	<object>
		<name>tulip</name>
		<pose>Unspecified</pose>
		<truncated>Unspecified</truncated>
		<difficult>Unspecified</difficult>
		<bndbox>
			<xmin>106</xmin>
			<ymin>74</ymin>
			<xmax>156</xmax>
			<ymax>114</ymax>
		</bndbox>
	</object>
</annotation>