<annotation>
	<folder>my-project-name</folder>
	<filename>74.jpg</filename>
	<path>/my-project-name/74.jpg</path>
	<source>
		<database>Unspecified</database>
	</source>
	<size>
		<width>320</width>
		<height>240</height>
		<depth>3</depth>
	</size>
	<object>
		<name>tulip</name>
		<pose>Unspecified</pose>
		<truncated>Unspecified</truncated>
		<difficult>Unspecified</difficult>
		<bndbox>
			<xmin>49</xmin>
			<ymin>119</ymin>
			<xmax>99</xmax>
			<ymax>224</ymax>
		</bndbox>
	</object>
	<object>
		<name>tulip</name>
		<pose>Unspecified</pose>
		<truncated>Unspecified</truncated>
		<difficult>Unspecified</difficult>
		<bndbox>
			<xmin>135</xmin>
			<ymin>48</ymin>
			<xmax>199</xmax>
			<ymax>144</ymax>
		</bndbox>
	</object>
	<object>
		<name>tulip</name>
		<pose>Unspecified</pose>
		<truncated>Unspecified</truncated>
		<difficult>Unspecified</difficult>
		<bndbox>
			<xmin>203</xmin>
			<ymin>26</ymin>
			<xmax>268</xmax>
			<ymax>135</ymax>
		</bndbox>
	</object>
</annotation>