<annotation>
	<folder>my-project-name</folder>
	<filename>77.jpg</filename>
	<path>/my-project-name/77.jpg</path>
	<source>
		<database>Unspecified</database>
	</source>
	<size>
		<width>320</width>
		<height>240</height>
		<depth>3</depth>
	</size>
	<object>
		<name>tulip</name>
		<pose>Unspecified</pose>
		<truncated>Unspecified</truncated>
		<difficult>Unspecified</difficult>
		<bndbox>
			<xmin>150</xmin>
			<ymin>55</ymin>
			<xmax>291</xmax>
			<ymax>191</ymax>
		</bndbox>
	</object>
	<object>
		<name>tulip</name>
		<pose>Unspecified</pose>
		<truncated>Unspecified</truncated>
		<difficult>Unspecified</difficult>
		<bndbox>
			<xmin>46</xmin>
			<ymin>26</ymin>
			<xmax>179</xmax>
			<ymax>187</ymax>
		</bndbox>
	</object>
</annotation>