<annotation>
	<folder>my-project-name</folder>
	<filename>85.jpg</filename>
	<path>/my-project-name/85.jpg</path>
	<source>
		<database>Unspecified</database>
	</source>
	<size>
		<width>181</width>
		<height>240</height>
		<depth>3</depth>
	</size>
	<object>
		<name>tulip</name>
		<pose>Unspecified</pose>
		<truncated>Unspecified</truncated>
		<difficult>Unspecified</difficult>
		<bndbox>
			<xmin>74</xmin>
			<ymin>94</ymin>
			<xmax>108</xmax>
			<ymax>143</ymax>
		</bndbox>
	</object>
	<object>
		<name>tulip</name>
		<pose>Unspecified</pose>
		<truncated>Unspecified</truncated>
		<difficult>Unspecified</difficult>
		<bndbox>
			<xmin>68</xmin>
			<ymin>51</ymin>
			<xmax>101</xmax>
			<ymax>86</ymax>
		</bndbox>
	</object>
	<object>
		<name>tulip</name>
		<pose>Unspecified</pose>
		<truncated>Unspecified</truncated>
		<difficult>Unspecified</difficult>
		<bndbox>
			<xmin>36</xmin>
			<ymin>45</ymin>
			<xmax>62</xmax>
			<ymax>73</ymax>
		</bndbox>
	</object>
	<object>
		<name>tulip</name>
		<pose>Unspecified</pose>
		<truncated>Unspecified</truncated>
		<difficult>Unspecified</difficult>
		<bndbox>
			<xmin>94</xmin>
			<ymin>34</ymin>
			<xmax>140</xmax>
			<ymax>97</ymax>
		</bndbox>
	</object>
</annotation>