<annotation>
	<folder>my-project-name</folder>
	<filename>87.jpg</filename>
	<path>/my-project-name/87.jpg</path>
	<source>
		<database>Unspecified</database>
	</source>
	<size>
		<width>240</width>
		<height>240</height>
		<depth>3</depth>
	</size>
	<object>
		<name>tulip</name>
		<pose>Unspecified</pose>
		<truncated>Unspecified</truncated>
		<difficult>Unspecified</difficult>
		<bndbox>
			<xmin>161</xmin>
			<ymin>115</ymin>
			<xmax>215</xmax>
			<ymax>182</ymax>
		</bndbox>
	</object>
	<object>
		<name>tulip</name>
		<pose>Unspecified</pose>
		<truncated>Unspecified</truncated>
		<difficult>Unspecified</difficult>
		<bndbox>
			<xmin>108</xmin>
			<ymin>122</ymin>
			<xmax>154</xmax>
			<ymax>180</ymax>
		</bndbox>
	</object>
	<object>
		<name>tulip</name>
		<pose>Unspecified</pose>
		<truncated>Unspecified</truncated>
		<difficult>Unspecified</difficult>
		<bndbox>
			<xmin>66</xmin>
			<ymin>158</ymin>
			<xmax>119</xmax>
			<ymax>216</ymax>
		</bndbox>
	</object>
	<object>
		<name>tulip</name>
		<pose>Unspecified</pose>
		<truncated>Unspecified</truncated>
		<difficult>Unspecified</difficult>
		<bndbox>
			<xmin>74</xmin>
			<ymin>94</ymin>
			<xmax>105</xmax>
			<ymax>137</ymax>
		</bndbox>
	</object>
	<object>
		<name>tulip</name>
		<pose>Unspecified</pose>
		<truncated>Unspecified</truncated>
		<difficult>Unspecified</difficult>
		<bndbox>
			<xmin>76</xmin>
			<ymin>50</ymin>
			<xmax>117</xmax>
			<ymax>96</ymax>
		</bndbox>
	</object>
	<object>
		<name>tulip</name>
		<pose>Unspecified</pose>
		<truncated>Unspecified</truncated>
		<difficult>Unspecified</difficult>
		<bndbox>
			<xmin>212</xmin>
			<ymin>98</ymin>
			<xmax>240</xmax>
			<ymax>202</ymax>
		</bndbox>
	</object>
	<object>
		<name>tulip</name>
		<pose>Unspecified</pose>
		<truncated>Unspecified</truncated>
		<difficult>Unspecified</difficult>
		<bndbox>
			<xmin>44</xmin>
			<ymin>122</ymin>
			<xmax>80</xmax>
			<ymax>159</ymax>
		</bndbox>
	</object>
</annotation>