<annotation>
	<folder>my-project-name</folder>
	<filename>92.jpg</filename>
	<path>/my-project-name/92.jpg</path>
	<source>
		<database>Unspecified</database>
	</source>
	<size>
		<width>500</width>
		<height>333</height>
		<depth>3</depth>
	</size>
	<object>
		<name>tulip</name>
		<pose>Unspecified</pose>
		<truncated>Unspecified</truncated>
		<difficult>Unspecified</difficult>
		<bndbox>
			<xmin>36</xmin>
			<ymin>82</ymin>
			<xmax>161</xmax>
			<ymax>208</ymax>
		</bndbox>
	</object>
	<object>
		<name>tulip</name>
		<pose>Unspecified</pose>
		<truncated>Unspecified</truncated>
		<difficult>Unspecified</difficult>
		<bndbox>
			<xmin>212</xmin>
			<ymin>75</ymin>
			<xmax>363</xmax>
			<ymax>218</ymax>
		</bndbox>
	</object>
	<object>
		<name>tulip</name>
		<pose>Unspecified</pose>
		<truncated>Unspecified</truncated>
		<difficult>Unspecified</difficult>
		<bndbox>
			<xmin>288</xmin>
			<ymin>157</ymin>
			<xmax>424</xmax>
			<ymax>274</ymax>
		</bndbox>
	</object>
</annotation>