<annotation>
	<folder>my-project-name</folder>
	<filename>95.jpg</filename>
	<path>/my-project-name/95.jpg</path>
	<source>
		<database>Unspecified</database>
	</source>
	<size>
		<width>320</width>
		<height>213</height>
		<depth>3</depth>
	</size>
	<object>
		<name>tulip</name>
		<pose>Unspecified</pose>
		<truncated>Unspecified</truncated>
		<difficult>Unspecified</difficult>
		<bndbox>
			<xmin>122</xmin>
			<ymin>54</ymin>
			<xmax>225</xmax>
			<ymax>150</ymax>
		</bndbox>
	</object>
</annotation>