<annotation>
	<folder>my-project-name</folder>
	<filename>11.jpg</filename>
	<path>/my-project-name/11.jpg</path>
	<source>
		<database>Unspecified</database>
	</source>
	<size>
		<width>240</width>
		<height>240</height>
		<depth>3</depth>
	</size>
	<object>
		<name>daisy</name>
		<pose>Unspecified</pose>
		<truncated>Unspecified</truncated>
		<difficult>Unspecified</difficult>
		<bndbox>
			<xmin>7</xmin>
			<ymin>23</ymin>
			<xmax>235</xmax>
			<ymax>207</ymax>
		</bndbox>
	</object>
</annotation>