<annotation>
	<folder>my-project-name</folder>
	<filename>14.jpg</filename>
	<path>/my-project-name/14.jpg</path>
	<source>
		<database>Unspecified</database>
	</source>
	<size>
		<width>500</width>
		<height>333</height>
		<depth>3</depth>
	</size>
	<object>
		<name>daisy</name>
		<pose>Unspecified</pose>
		<truncated>Unspecified</truncated>
		<difficult>Unspecified</difficult>
		<bndbox>
			<xmin>117</xmin>
			<ymin>130</ymin>
			<xmax>303</xmax>
			<ymax>280</ymax>
		</bndbox>
	</object>
	<object>
		<name>daisy</name>
		<pose>Unspecified</pose>
		<truncated>Unspecified</truncated>
		<difficult>Unspecified</difficult>
		<bndbox>
			<xmin>220</xmin>
			<ymin>4</ymin>
			<xmax>381</xmax>
			<ymax>107</ymax>
		</bndbox>
	</object>
	<object>
		<name>daisy</name>
		<pose>Unspecified</pose>
		<truncated>Unspecified</truncated>
		<difficult>Unspecified</difficult>
		<bndbox>
			<xmin>0</xmin>
			<ymin>6</ymin>
			<xmax>95</xmax>
			<ymax>80</ymax>
		</bndbox>
	</object>
</annotation>