<annotation>
	<folder>my-project-name</folder>
	<filename>29.jpg</filename>
	<path>/my-project-name/29.jpg</path>
	<source>
		<database>Unspecified</database>
	</source>
	<size>
		<width>159</width>
		<height>240</height>
		<depth>3</depth>
	</size>
	<object>
		<name>daisy</name>
		<pose>Unspecified</pose>
		<truncated>Unspecified</truncated>
		<difficult>Unspecified</difficult>
		<bndbox>
			<xmin>5</xmin>
			<ymin>40</ymin>
			<xmax>121</xmax>
			<ymax>97</ymax>
		</bndbox>
	</object>
	<object>
		<name>daisy</name>
		<pose>Unspecified</pose>
		<truncated>Unspecified</truncated>
		<difficult>Unspecified</difficult>
		<bndbox>
			<xmin>50</xmin>
			<ymin>147</ymin>
			<xmax>159</xmax>
			<ymax>223</ymax>
		</bndbox>
	</object>
	<object>
		<name>daisy</name>
		<pose>Unspecified</pose>
		<truncated>Unspecified</truncated>
		<difficult>Unspecified</difficult>
		<bndbox>
			<xmin>1</xmin>
			<ymin>131</ymin>
			<xmax>107</xmax>
			<ymax>213</ymax>
		</bndbox>
	</object>
	<object>
		<name>daisy</name>
		<pose>Unspecified</pose>
		<truncated>Unspecified</truncated>
		<difficult>Unspecified</difficult>
		<bndbox>
			<xmin>93</xmin>
			<ymin>86</ymin>
			<xmax>159</xmax>
			<ymax>172</ymax>
		</bndbox>
	</object>
</annotation>