<annotation>
	<folder>my-project-name</folder>
	<filename>50.jpg</filename>
	<path>/my-project-name/50.jpg</path>
	<source>
		<database>Unspecified</database>
	</source>
	<size>
		<width>500</width>
		<height>375</height>
		<depth>3</depth>
	</size>
	<object>
		<name>daisy</name>
		<pose>Unspecified</pose>
		<truncated>Unspecified</truncated>
		<difficult>Unspecified</difficult>
		<bndbox>
			<xmin>39</xmin>
			<ymin>32</ymin>
			<xmax>492</xmax>
			<ymax>316</ymax>
		</bndbox>
	</object>
</annotation>