<annotation>
	<folder>my-project-name</folder>
	<filename>51.jpg</filename>
	<path>/my-project-name/51.jpg</path>
	<source>
		<database>Unspecified</database>
	</source>
	<size>
		<width>240</width>
		<height>222</height>
		<depth>3</depth>
	</size>
	<object>
		<name>daisy</name>
		<pose>Unspecified</pose>
		<truncated>Unspecified</truncated>
		<difficult>Unspecified</difficult>
		<bndbox>
			<xmin>22</xmin>
			<ymin>18</ymin>
			<xmax>225</xmax>
			<ymax>206</ymax>
		</bndbox>
	</object>
</annotation>