<annotation>
	<folder>my-project-name</folder>
	<filename>59.jpg</filename>
	<path>/my-project-name/59.jpg</path>
	<source>
		<database>Unspecified</database>
	</source>
	<size>
		<width>320</width>
		<height>221</height>
		<depth>3</depth>
	</size>
	<object>
		<name>daisy</name>
		<pose>Unspecified</pose>
		<truncated>Unspecified</truncated>
		<difficult>Unspecified</difficult>
		<bndbox>
			<xmin>68</xmin>
			<ymin>25</ymin>
			<xmax>253</xmax>
			<ymax>187</ymax>
		</bndbox>
	</object>
</annotation>