<annotation>
	<folder>my-project-name</folder>
	<filename>67.jpg</filename>
	<path>/my-project-name/67.jpg</path>
	<source>
		<database>Unspecified</database>
	</source>
	<size>
		<width>320</width>
		<height>277</height>
		<depth>3</depth>
	</size>
	<object>
		<name>daisy</name>
		<pose>Unspecified</pose>
		<truncated>Unspecified</truncated>
		<difficult>Unspecified</difficult>
		<bndbox>
			<xmin>0</xmin>
			<ymin>32</ymin>
			<xmax>280</xmax>
			<ymax>240</ymax>
		</bndbox>
	</object>
</annotation>