<annotation>
	<folder>my-project-name</folder>
	<filename>78.jpg</filename>
	<path>/my-project-name/78.jpg</path>
	<source>
		<database>Unspecified</database>
	</source>
	<size>
		<width>500</width>
		<height>281</height>
		<depth>3</depth>
	</size>
	<object>
		<name>daisy</name>
		<pose>Unspecified</pose>
		<truncated>Unspecified</truncated>
		<difficult>Unspecified</difficult>
		<bndbox>
			<xmin>213</xmin>
			<ymin>112</ymin>
			<xmax>274</xmax>
			<ymax>170</ymax>
		</bndbox>
	</object>
</annotation>