<annotation>
	<folder>my-project-name</folder>
	<filename>79.jpg</filename>
	<path>/my-project-name/79.jpg</path>
	<source>
		<database>Unspecified</database>
	</source>
	<size>
		<width>500</width>
		<height>335</height>
		<depth>3</depth>
	</size>
	<object>
		<name>daisy</name>
		<pose>Unspecified</pose>
		<truncated>Unspecified</truncated>
		<difficult>Unspecified</difficult>
		<bndbox>
			<xmin>10</xmin>
			<ymin>119</ymin>
			<xmax>281</xmax>
			<ymax>325</ymax>
		</bndbox>
	</object>
	<object>
		<name>daisy</name>
		<pose>Unspecified</pose>
		<truncated>Unspecified</truncated>
		<difficult>Unspecified</difficult>
		<bndbox>
			<xmin>224</xmin>
			<ymin>47</ymin>
			<xmax>461</xmax>
			<ymax>236</ymax>
		</bndbox>
	</object>
</annotation>