<annotation>
	<folder>my-project-name</folder>
	<filename>80.jpg</filename>
	<path>/my-project-name/80.jpg</path>
	<source>
		<database>Unspecified</database>
	</source>
	<size>
		<width>158</width>
		<height>240</height>
		<depth>3</depth>
	</size>
	<object>
		<name>daisy</name>
		<pose>Unspecified</pose>
		<truncated>Unspecified</truncated>
		<difficult>Unspecified</difficult>
		<bndbox>
			<xmin>18</xmin>
			<ymin>41</ymin>
			<xmax>133</xmax>
			<ymax>158</ymax>
		</bndbox>
	</object>
</annotation>