<annotation>
	<folder>my-project-name</folder>
	<filename>10.jpg</filename>
	<path>/my-project-name/10.jpg</path>
	<source>
		<database>Unspecified</database>
	</source>
	<size>
		<width>171</width>
		<height>240</height>
		<depth>3</depth>
	</size>
	<object>
		<name>daisy</name>
		<pose>Unspecified</pose>
		<truncated>Unspecified</truncated>
		<difficult>Unspecified</difficult>
		<bndbox>
			<xmin>44</xmin>
			<ymin>110</ymin>
			<xmax>171</xmax>
			<ymax>212</ymax>
		</bndbox>
	</object>
</annotation>