<annotation>
	<folder>my-project-name</folder>
	<filename>15.jpg</filename>
	<path>/my-project-name/15.jpg</path>
	<source>
		<database>Unspecified</database>
	</source>
	<size>
		<width>500</width>
		<height>331</height>
		<depth>3</depth>
	</size>
	<object>
		<name>daisy</name>
		<pose>Unspecified</pose>
		<truncated>Unspecified</truncated>
		<difficult>Unspecified</difficult>
		<bndbox>
			<xmin>212</xmin>
			<ymin>101</ymin>
			<xmax>447</xmax>
			<ymax>262</ymax>
		</bndbox>
	</object>
</annotation>