<annotation>
	<folder>my-project-name</folder>
	<filename>18.jpg</filename>
	<path>/my-project-name/18.jpg</path>
	<source>
		<database>Unspecified</database>
	</source>
	<size>
		<width>500</width>
		<height>281</height>
		<depth>3</depth>
	</size>
	<object>
		<name>daisy</name>
		<pose>Unspecified</pose>
		<truncated>Unspecified</truncated>
		<difficult>Unspecified</difficult>
		<bndbox>
			<xmin>244</xmin>
			<ymin>51</ymin>
			<xmax>399</xmax>
			<ymax>163</ymax>
		</bndbox>
	</object>
</annotation>