<annotation>
	<folder>my-project-name</folder>
	<filename>19.jpg</filename>
	<path>/my-project-name/19.jpg</path>
	<source>
		<database>Unspecified</database>
	</source>
	<size>
		<width>320</width>
		<height>213</height>
		<depth>3</depth>
	</size>
	<object>
		<name>daisy</name>
		<pose>Unspecified</pose>
		<truncated>Unspecified</truncated>
		<difficult>Unspecified</difficult>
		<bndbox>
			<xmin>98</xmin>
			<ymin>31</ymin>
			<xmax>155</xmax>
			<ymax>76</ymax>
		</bndbox>
	</object>
	<object>
		<name>daisy</name>
		<pose>Unspecified</pose>
		<truncated>Unspecified</truncated>
		<difficult>Unspecified</difficult>
		<bndbox>
			<xmin>159</xmin>
			<ymin>52</ymin>
			<xmax>201</xmax>
			<ymax>81</ymax>
		</bndbox>
	</object>
	<object>
		<name>daisy</name>
		<pose>Unspecified</pose>
		<truncated>Unspecified</truncated>
		<difficult>Unspecified</difficult>
		<bndbox>
			<xmin>214</xmin>
			<ymin>53</ymin>
			<xmax>260</xmax>
			<ymax>88</ymax>
		</bndbox>
	</object>
	<object>
		<name>daisy</name>
		<pose>Unspecified</pose>
		<truncated>Unspecified</truncated>
		<difficult>Unspecified</difficult>
		<bndbox>
			<xmin>267</xmin>
			<ymin>87</ymin>
			<xmax>302</xmax>
			<ymax>105</ymax>
		</bndbox>
	</object>
	<object>
		<name>daisy</name>
		<pose>Unspecified</pose>
		<truncated>Unspecified</truncated>
		<difficult>Unspecified</difficult>
		<bndbox>
			<xmin>76</xmin>
			<ymin>77</ymin>
			<xmax>124</xmax>
			<ymax>100</ymax>
		</bndbox>
	</object>
	<object>
		<name>daisy</name>
		<pose>Unspecified</pose>
		<truncated>Unspecified</truncated>
		<difficult>Unspecified</difficult>
		<bndbox>
			<xmin>41</xmin>
			<ymin>87</ymin>
			<xmax>83</xmax>
			<ymax>113</ymax>
		</bndbox>
	</object>
	<object>
		<name>daisy</name>
		<pose>Unspecified</pose>
		<truncated>Unspecified</truncated>
		<difficult>Unspecified</difficult>
		<bndbox>
			<xmin>0</xmin>
			<ymin>81</ymin>
			<xmax>27</xmax>
			<ymax>112</ymax>
		</bndbox>
	</object>
</annotation>