<annotation>
	<folder>my-project-name</folder>
	<filename>22.jpg</filename>
	<path>/my-project-name/22.jpg</path>
	<source>
		<database>Unspecified</database>
	</source>
	<size>
		<width>320</width>
		<height>213</height>
		<depth>3</depth>
	</size>
	<object>
		<name>daisy</name>
		<pose>Unspecified</pose>
		<truncated>Unspecified</truncated>
		<difficult>Unspecified</difficult>
		<bndbox>
			<xmin>94</xmin>
			<ymin>16</ymin>
			<xmax>310</xmax>
			<ymax>194</ymax>
		</bndbox>
	</object>
</annotation>