<annotation>
	<folder>my-project-name</folder>
	<filename>23.jpg</filename>
	<path>/my-project-name/23.jpg</path>
	<source>
		<database>Unspecified</database>
	</source>
	<size>
		<width>500</width>
		<height>333</height>
		<depth>3</depth>
	</size>
	<object>
		<name>daisy</name>
		<pose>Unspecified</pose>
		<truncated>Unspecified</truncated>
		<difficult>Unspecified</difficult>
		<bndbox>
			<xmin>65</xmin>
			<ymin>26</ymin>
			<xmax>456</xmax>
			<ymax>217</ymax>
		</bndbox>
	</object>
</annotation>