<annotation>
	<folder>my-project-name</folder>
	<filename>30.jpg</filename>
	<path>/my-project-name/30.jpg</path>
	<source>
		<database>Unspecified</database>
	</source>
	<size>
		<width>500</width>
		<height>309</height>
		<depth>3</depth>
	</size>
	<object>
		<name>daisy</name>
		<pose>Unspecified</pose>
		<truncated>Unspecified</truncated>
		<difficult>Unspecified</difficult>
		<bndbox>
			<xmin>116</xmin>
			<ymin>51</ymin>
			<xmax>232</xmax>
			<ymax>134</ymax>
		</bndbox>
	</object>
	<object>
		<name>daisy</name>
		<pose>Unspecified</pose>
		<truncated>Unspecified</truncated>
		<difficult>Unspecified</difficult>
		<bndbox>
			<xmin>254</xmin>
			<ymin>104</ymin>
			<xmax>293</xmax>
			<ymax>135</ymax>
		</bndbox>
	</object>
</annotation>