<annotation>
	<folder>my-project-name</folder>
	<filename>31.jpg</filename>
	<path>/my-project-name/31.jpg</path>
	<source>
		<database>Unspecified</database>
	</source>
	<size>
		<width>500</width>
		<height>334</height>
		<depth>3</depth>
	</size>
	<object>
		<name>daisy</name>
		<pose>Unspecified</pose>
		<truncated>Unspecified</truncated>
		<difficult>Unspecified</difficult>
		<bndbox>
			<xmin>53</xmin>
			<ymin>57</ymin>
			<xmax>271</xmax>
			<ymax>262</ymax>
		</bndbox>
	</object>
</annotation>