<annotation>
	<folder>my-project-name</folder>
	<filename>41.jpg</filename>
	<path>/my-project-name/41.jpg</path>
	<source>
		<database>Unspecified</database>
	</source>
	<size>
		<width>240</width>
		<height>240</height>
		<depth>3</depth>
	</size>
	<object>
		<name>daisy</name>
		<pose>Unspecified</pose>
		<truncated>Unspecified</truncated>
		<difficult>Unspecified</difficult>
		<bndbox>
			<xmin>101</xmin>
			<ymin>104</ymin>
			<xmax>137</xmax>
			<ymax>138</ymax>
		</bndbox>
	</object>
</annotation>