<annotation>
	<folder>my-project-name</folder>
	<filename>46.jpg</filename>
	<path>/my-project-name/46.jpg</path>
	<source>
		<database>Unspecified</database>
	</source>
	<size>
		<width>500</width>
		<height>333</height>
		<depth>3</depth>
	</size>
	<object>
		<name>daisy</name>
		<pose>Unspecified</pose>
		<truncated>Unspecified</truncated>
		<difficult>Unspecified</difficult>
		<bndbox>
			<xmin>62</xmin>
			<ymin>30</ymin>
			<xmax>399</xmax>
			<ymax>228</ymax>
		</bndbox>
	</object>
</annotation>