<annotation>
	<folder>my-project-name</folder>
	<filename>48.jpg</filename>
	<path>/my-project-name/48.jpg</path>
	<source>
		<database>Unspecified</database>
	</source>
	<size>
		<width>320</width>
		<height>240</height>
		<depth>3</depth>
	</size>
	<object>
		<name>daisy</name>
		<pose>Unspecified</pose>
		<truncated>Unspecified</truncated>
		<difficult>Unspecified</difficult>
		<bndbox>
			<xmin>71</xmin>
			<ymin>95</ymin>
			<xmax>266</xmax>
			<ymax>176</ymax>
		</bndbox>
	</object>
</annotation>