<annotation>
	<folder>my-project-name</folder>
	<filename>64.jpg</filename>
	<path>/my-project-name/64.jpg</path>
	<source>
		<database>Unspecified</database>
	</source>
	<size>
		<width>500</width>
		<height>313</height>
		<depth>3</depth>
	</size>
	<object>
		<name>daisy</name>
		<pose>Unspecified</pose>
		<truncated>Unspecified</truncated>
		<difficult>Unspecified</difficult>
		<bndbox>
			<xmin>171</xmin>
			<ymin>28</ymin>
			<xmax>437</xmax>
			<ymax>213</ymax>
		</bndbox>
	</object>
</annotation>