<annotation>
	<folder>my-project-name</folder>
	<filename>72.jpg</filename>
	<path>/my-project-name/72.jpg</path>
	<source>
		<database>Unspecified</database>
	</source>
	<size>
		<width>320</width>
		<height>240</height>
		<depth>3</depth>
	</size>
	<object>
		<name>daisy</name>
		<pose>Unspecified</pose>
		<truncated>Unspecified</truncated>
		<difficult>Unspecified</difficult>
		<bndbox>
			<xmin>13</xmin>
			<ymin>1</ymin>
			<xmax>237</xmax>
			<ymax>240</ymax>
		</bndbox>
	</object>
</annotation>