<annotation>
	<folder>my-project-name</folder>
	<filename>8.jpg</filename>
	<path>/my-project-name/8.jpg</path>
	<source>
		<database>Unspecified</database>
	</source>
	<size>
		<width>500</width>
		<height>375</height>
		<depth>3</depth>
	</size>
	<object>
		<name>daisy</name>
		<pose>Unspecified</pose>
		<truncated>Unspecified</truncated>
		<difficult>Unspecified</difficult>
		<bndbox>
			<xmin>6</xmin>
			<ymin>20</ymin>
			<xmax>499</xmax>
			<ymax>309</ymax>
		</bndbox>
	</object>
</annotation>