<annotation>
	<folder>my-project-name</folder>
	<filename>84.jpg</filename>
	<path>/my-project-name/84.jpg</path>
	<source>
		<database>Unspecified</database>
	</source>
	<size>
		<width>500</width>
		<height>333</height>
		<depth>3</depth>
	</size>
	<object>
		<name>daisy</name>
		<pose>Unspecified</pose>
		<truncated>Unspecified</truncated>
		<difficult>Unspecified</difficult>
		<bndbox>
			<xmin>231</xmin>
			<ymin>119</ymin>
			<xmax>407</xmax>
			<ymax>213</ymax>
		</bndbox>
	</object>
	<object>
		<name>daisy</name>
		<pose>Unspecified</pose>
		<truncated>Unspecified</truncated>
		<difficult>Unspecified</difficult>
		<bndbox>
			<xmin>75</xmin>
			<ymin>169</ymin>
			<xmax>237</xmax>
			<ymax>262</ymax>
		</bndbox>
	</object>
	<object>
		<name>daisy</name>
		<pose>Unspecified</pose>
		<truncated>Unspecified</truncated>
		<difficult>Unspecified</difficult>
		<bndbox>
			<xmin>91</xmin>
			<ymin>77</ymin>
			<xmax>217</xmax>
			<ymax>130</ymax>
		</bndbox>
	</object>
	<object>
		<name>daisy</name>
		<pose>Unspecified</pose>
		<truncated>Unspecified</truncated>
		<difficult>Unspecified</difficult>
		<bndbox>
			<xmin>173</xmin>
			<ymin>34</ymin>
			<xmax>324</xmax>
			<ymax>83</ymax>
		</bndbox>
	</object>
	<object>
		<name>daisy</name>
		<pose>Unspecified</pose>
		<truncated>Unspecified</truncated>
		<difficult>Unspecified</difficult>
		<bndbox>
			<xmin>378</xmin>
			<ymin>111</ymin>
			<xmax>496</xmax>
			<ymax>214</ymax>
		</bndbox>
	</object>
</annotation>