<annotation>
	<folder>my-project-name</folder>
	<filename>91.jpg</filename>
	<path>/my-project-name/91.jpg</path>
	<source>
		<database>Unspecified</database>
	</source>
	<size>
		<width>320</width>
		<height>213</height>
		<depth>3</depth>
	</size>
	<object>
		<name>daisy</name>
		<pose>Unspecified</pose>
		<truncated>Unspecified</truncated>
		<difficult>Unspecified</difficult>
		<bndbox>
			<xmin>92</xmin>
			<ymin>41</ymin>
			<xmax>215</xmax>
			<ymax>160</ymax>
		</bndbox>
	</object>
	<object>
		<name>daisy</name>
		<pose>Unspecified</pose>
		<truncated>Unspecified</truncated>
		<difficult>Unspecified</difficult>
		<bndbox>
			<xmin>197</xmin>
			<ymin>162</ymin>
			<xmax>288</xmax>
			<ymax>213</ymax>
		</bndbox>
	</object>
</annotation>